"Timestamp","Symbol","Asset","Price"
"2026-03-21T16:44:54.9645763-04:00","USOIL","Oil","77.7348"
"2026-03-21T16:44:54.9645763-04:00","XAGUSD","Silver","24.5343"
"2026-03-21T16:44:54.9645763-04:00","XAUUSD","Gold","2142.69"
"2026-03-21T16:44:56.2631750-04:00","USOIL","Oil","77.9214"
"2026-03-21T16:44:56.2631750-04:00","XAGUSD","Silver","24.5539"
"2026-03-21T16:44:56.2631750-04:00","XAUUSD","Gold","2138.8332"
"2026-03-21T18:16:31.7743596-04:00","USOIL","Oil","77.7578"
"2026-03-21T18:16:31.7743596-04:00","XAGUSD","Silver","24.495"
"2026-03-21T18:16:31.7743596-04:00","XAUUSD","Gold","2146.533"
