"EAName","PresetFile","PresetDate","StartBalance","Status"
"DF 5.1","C:\Users\jaque\AppData\Roaming\MetaQuotes\Terminal\BAEC37CBBA31C26B3C8E7E5183FE4CC4\tester\DF 5.1.ini","2/12/2026 5:02:47 AM","50","BEST_KNOWN_PRESET"
"DF HIGHTOWER","C:\Users\jaque\AppData\Roaming\MetaQuotes\Terminal\BAEC37CBBA31C26B3C8E7E5183FE4CC4\tester\DF HIGHTOWER V3.ini","3/3/2026 7:31:24 AM","50","BEST_KNOWN_PRESET"
"DF HIGHTOWER V2","C:\Users\jaque\AppData\Roaming\MetaQuotes\Terminal\BAEC37CBBA31C26B3C8E7E5183FE4CC4\tester\DF HIGHTOWER V2.ini","3/1/2026 1:01:41 PM","50","BEST_KNOWN_PRESET"
"DF HIGHTOWER V3","C:\Users\jaque\AppData\Roaming\MetaQuotes\Terminal\BAEC37CBBA31C26B3C8E7E5183FE4CC4\tester\DF HIGHTOWER V3.ini","3/3/2026 7:31:24 AM","50","BEST_KNOWN_PRESET"
"DF KNOT","C:\Users\jaque\AppData\Roaming\MetaQuotes\Terminal\BAEC37CBBA31C26B3C8E7E5183FE4CC4\tester\DF KNOT +AUTOFLIP.ini","3/16/2026 12:15:21 PM","50","BEST_KNOWN_PRESET"
"DF KNOT +AUTOFLIP","C:\Users\jaque\AppData\Roaming\MetaQuotes\Terminal\BAEC37CBBA31C26B3C8E7E5183FE4CC4\tester\DF KNOT +AUTOFLIP.ini","3/16/2026 12:15:21 PM","50","BEST_KNOWN_PRESET"
"DF LADDER","C:\Users\jaque\AppData\Roaming\MetaQuotes\Terminal\BAEC37CBBA31C26B3C8E7E5183FE4CC4\tester\DF LADDER - MOTION V3.ini","2/3/2026 8:19:00 PM","50","BEST_KNOWN_PRESET"
"DF LADDER - MOTION","C:\Users\jaque\AppData\Roaming\MetaQuotes\Terminal\BAEC37CBBA31C26B3C8E7E5183FE4CC4\tester\DF LADDER - MOTION V3.ini","2/3/2026 8:19:00 PM","50","BEST_KNOWN_PRESET"
"DF LADDER - MOTION V3","C:\Users\jaque\AppData\Roaming\MetaQuotes\Terminal\BAEC37CBBA31C26B3C8E7E5183FE4CC4\tester\DF LADDER - MOTION V3.ini","2/3/2026 8:19:00 PM","50","BEST_KNOWN_PRESET"
"DF LADDER- MOTION V2","C:\Users\jaque\AppData\Roaming\MetaQuotes\Terminal\BAEC37CBBA31C26B3C8E7E5183FE4CC4\tester\DF LADDER- MOTION V2.ini","1/18/2026 6:54:13 AM","50","BEST_KNOWN_PRESET"
"DF LADDER RV","C:\Users\jaque\AppData\Roaming\MetaQuotes\Terminal\BAEC37CBBA31C26B3C8E7E5183FE4CC4\tester\DF LADDER RV.ini","1/7/2026 3:21:59 PM","50","BEST_KNOWN_PRESET"
"DF ORIGINAL","C:\Users\jaque\AppData\Roaming\MetaQuotes\Terminal\BAEC37CBBA31C26B3C8E7E5183FE4CC4\tester\DF ORIGINAL.ini","2/28/2026 11:05:55 AM","50","BEST_KNOWN_PRESET"
"DF ORIGINAL ","C:\Users\jaque\AppData\Roaming\MetaQuotes\Terminal\BAEC37CBBA31C26B3C8E7E5183FE4CC4\tester\DF ORIGINAL.ini","2/28/2026 11:05:55 AM","50","BEST_KNOWN_PRESET"
"DF SAUCE","C:\Users\jaque\AppData\Roaming\MetaQuotes\Terminal\BAEC37CBBA31C26B3C8E7E5183FE4CC4\tester\DF SAUCE FINAL.ini","3/16/2026 12:28:12 PM","50","BEST_KNOWN_PRESET"
"DF SAUCE 2.0","C:\Users\jaque\AppData\Roaming\MetaQuotes\Terminal\BAEC37CBBA31C26B3C8E7E5183FE4CC4\tester\DF SAUCE.ini","2/12/2026 5:06:54 AM","50","BEST_KNOWN_PRESET"
"DF SAUCE FINAL","C:\Users\jaque\AppData\Roaming\MetaQuotes\Terminal\BAEC37CBBA31C26B3C8E7E5183FE4CC4\tester\DF SAUCE FINAL.ini","3/16/2026 12:28:12 PM","50","BEST_KNOWN_PRESET"
"DF TREND GHOST","C:\Users\jaque\AppData\Roaming\MetaQuotes\Terminal\BAEC37CBBA31C26B3C8E7E5183FE4CC4\tester\DF TREND GHOST.ini","3/16/2026 12:19:39 PM","50","BEST_KNOWN_PRESET"
"DF_HIGHTOWER_ADAPTIVE_V7","C:\Users\jaque\AppData\Roaming\MetaQuotes\Terminal\BAEC37CBBA31C26B3C8E7E5183FE4CC4\tester\DF_HIGHTOWER_ADAPTIVE_V7.ini","3/5/2026 12:35:01 PM","50","BEST_KNOWN_PRESET"
"DF_HIGHTOWER_V10_FULL","C:\Users\jaque\AppData\Roaming\MetaQuotes\Terminal\BAEC37CBBA31C26B3C8E7E5183FE4CC4\tester\DF_HIGHTOWER_V10_FULL.ini","3/1/2026 12:44:32 PM","50","BEST_KNOWN_PRESET"
"DF_SAUCE","C:\Users\jaque\AppData\Roaming\MetaQuotes\Terminal\BAEC37CBBA31C26B3C8E7E5183FE4CC4\tester\DF_SAUCE.ini","2/12/2026 5:14:04 AM","50","BEST_KNOWN_PRESET"
"DF_Sauce_EA","C:\Users\jaque\AppData\Roaming\MetaQuotes\Terminal\BAEC37CBBA31C26B3C8E7E5183FE4CC4\tester\DF_SAUCE.ini","2/12/2026 5:14:04 AM","50","BEST_KNOWN_PRESET"
"DF_Sauce_EA_FIXED","C:\Users\jaque\AppData\Roaming\MetaQuotes\Terminal\BAEC37CBBA31C26B3C8E7E5183FE4CC4\tester\DF_SAUCE.ini","2/12/2026 5:14:04 AM","50","BEST_KNOWN_PRESET"
"DFHIGHTOWERV6","C:\Users\jaque\AppData\Roaming\MetaQuotes\Terminal\BAEC37CBBA31C26B3C8E7E5183FE4CC4\tester\DFHIGHTOWERV6.ini","3/16/2026 12:05:32 PM","50","BEST_KNOWN_PRESET"
"MACD Sample","C:\Users\jaque\AppData\Roaming\MetaQuotes\Terminal\BAEC37CBBA31C26B3C8E7E5183FE4CC4\tester\MACD Sample.ini","1/1/2026 8:29:58 AM","50","BEST_KNOWN_PRESET"
"Moving Average","C:\Users\jaque\AppData\Roaming\MetaQuotes\Terminal\BAEC37CBBA31C26B3C8E7E5183FE4CC4\tester\Moving Average.ini","12/22/2025 5:07:02 PM","50","BEST_KNOWN_PRESET"
