"JobId","EAName","Mode","PresetFile","Symbol","Timeframe","FromDate","ToDate","Deposit","Status"
"1","04-EA_iChimoku_Cloud","Template","","XAUUSD","M15","2024.01.01","2025.12.31","50","PENDING"
"2","AVA","Template","","XAUUSD","M15","2024.01.01","2025.12.31","50","PENDING"
"3","CAP Breakout EA","Template","","XAUUSD","M15","2024.01.01","2025.12.31","50","PENDING"
"4","CC GROW","Template","","XAUUSD","M15","2024.01.01","2025.12.31","50","PENDING"
"5","CC V1","Template","","XAUUSD","M15","2024.01.01","2025.12.31","50","PENDING"
"6","CC V1.2","Template","","XAUUSD","M15","2024.01.01","2025.12.31","50","PENDING"
"7","CC V2.4.4","Template","","XAUUSD","M15","2024.01.01","2025.12.31","50","PENDING"
"8","CC V2.5.2","Template","","XAUUSD","M15","2024.01.01","2025.12.31","50","PENDING"
"9","CC V2.5.2.1","Template","","XAUUSD","M15","2024.01.01","2025.12.31","50","PENDING"
"10","CEM BOT COPIER","Template","","XAUUSD","M15","2024.01.01","2025.12.31","50","PENDING"
"11","CHEMICAL X V2","Template","","XAUUSD","M15","2024.01.01","2025.12.31","50","PENDING"
"12","culture coin","Template","","XAUUSD","M15","2024.01.01","2025.12.31","50","PENDING"
"13","CULTURE COIN V.1","Template","","XAUUSD","M15","2024.01.01","2025.12.31","50","PENDING"
"14","CULTURE COIN V.2 (1)","Template","","XAUUSD","M15","2024.01.01","2025.12.31","50","PENDING"
"15","DF 5.1","UsePreset","C:\Users\jaque\AppData\Roaming\MetaQuotes\Terminal\BAEC37CBBA31C26B3C8E7E5183FE4CC4\tester\DF 5.1.ini","XAUUSD","M15","2024.01.01","2025.12.31","50","PENDING"
"16","DF HIGHTOWER","UsePreset","C:\Users\jaque\AppData\Roaming\MetaQuotes\Terminal\BAEC37CBBA31C26B3C8E7E5183FE4CC4\tester\DF HIGHTOWER V3.ini","XAUUSD","M15","2024.01.01","2025.12.31","50","PENDING"
"17","DF HIGHTOWER V2","UsePreset","C:\Users\jaque\AppData\Roaming\MetaQuotes\Terminal\BAEC37CBBA31C26B3C8E7E5183FE4CC4\tester\DF HIGHTOWER V2.ini","XAUUSD","M15","2024.01.01","2025.12.31","50","PENDING"
"18","DF HIGHTOWER V3","UsePreset","C:\Users\jaque\AppData\Roaming\MetaQuotes\Terminal\BAEC37CBBA31C26B3C8E7E5183FE4CC4\tester\DF HIGHTOWER V3.ini","XAUUSD","M15","2024.01.01","2025.12.31","50","PENDING"
"19","DF KNOT","UsePreset","C:\Users\jaque\AppData\Roaming\MetaQuotes\Terminal\BAEC37CBBA31C26B3C8E7E5183FE4CC4\tester\DF KNOT +AUTOFLIP.ini","XAUUSD","M15","2024.01.01","2025.12.31","50","PENDING"
"20","DF KNOT +AUTOFLIP","UsePreset","C:\Users\jaque\AppData\Roaming\MetaQuotes\Terminal\BAEC37CBBA31C26B3C8E7E5183FE4CC4\tester\DF KNOT +AUTOFLIP.ini","XAUUSD","M15","2024.01.01","2025.12.31","50","PENDING"
"21","DF LADDER","UsePreset","C:\Users\jaque\AppData\Roaming\MetaQuotes\Terminal\BAEC37CBBA31C26B3C8E7E5183FE4CC4\tester\DF LADDER - MOTION V3.ini","XAUUSD","M15","2024.01.01","2025.12.31","50","PENDING"
"22","DF LADDER - MOTION","UsePreset","C:\Users\jaque\AppData\Roaming\MetaQuotes\Terminal\BAEC37CBBA31C26B3C8E7E5183FE4CC4\tester\DF LADDER - MOTION V3.ini","XAUUSD","M15","2024.01.01","2025.12.31","50","PENDING"
"23","DF LADDER - MOTION V3","UsePreset","C:\Users\jaque\AppData\Roaming\MetaQuotes\Terminal\BAEC37CBBA31C26B3C8E7E5183FE4CC4\tester\DF LADDER - MOTION V3.ini","XAUUSD","M15","2024.01.01","2025.12.31","50","PENDING"
"24","DF LADDER- MOTION V2","UsePreset","C:\Users\jaque\AppData\Roaming\MetaQuotes\Terminal\BAEC37CBBA31C26B3C8E7E5183FE4CC4\tester\DF LADDER- MOTION V2.ini","XAUUSD","M15","2024.01.01","2025.12.31","50","PENDING"
"25","DF LADDER RV","UsePreset","C:\Users\jaque\AppData\Roaming\MetaQuotes\Terminal\BAEC37CBBA31C26B3C8E7E5183FE4CC4\tester\DF LADDER RV.ini","XAUUSD","M15","2024.01.01","2025.12.31","50","PENDING"
"26","DF ORIGINAL","UsePreset","C:\Users\jaque\AppData\Roaming\MetaQuotes\Terminal\BAEC37CBBA31C26B3C8E7E5183FE4CC4\tester\DF ORIGINAL.ini","XAUUSD","M15","2024.01.01","2025.12.31","50","PENDING"
"27","DF SAUCE","UsePreset","C:\Users\jaque\AppData\Roaming\MetaQuotes\Terminal\BAEC37CBBA31C26B3C8E7E5183FE4CC4\tester\DF SAUCE FINAL.ini","XAUUSD","M15","2024.01.01","2025.12.31","50","PENDING"
"28","DF SAUCE 2.0","UsePreset","C:\Users\jaque\AppData\Roaming\MetaQuotes\Terminal\BAEC37CBBA31C26B3C8E7E5183FE4CC4\tester\DF SAUCE.ini","XAUUSD","M15","2024.01.01","2025.12.31","50","PENDING"
"29","DF SAUCE FINAL","UsePreset","C:\Users\jaque\AppData\Roaming\MetaQuotes\Terminal\BAEC37CBBA31C26B3C8E7E5183FE4CC4\tester\DF SAUCE FINAL.ini","XAUUSD","M15","2024.01.01","2025.12.31","50","PENDING"
"30","DF TREND GHOST","UsePreset","C:\Users\jaque\AppData\Roaming\MetaQuotes\Terminal\BAEC37CBBA31C26B3C8E7E5183FE4CC4\tester\DF TREND GHOST.ini","XAUUSD","M15","2024.01.01","2025.12.31","50","PENDING"
"31","DF_HIGHTOWER_ADAPTIVE_V7","UsePreset","C:\Users\jaque\AppData\Roaming\MetaQuotes\Terminal\BAEC37CBBA31C26B3C8E7E5183FE4CC4\tester\DF_HIGHTOWER_ADAPTIVE_V7.ini","XAUUSD","M15","2024.01.01","2025.12.31","50","PENDING"
"32","DF_HIGHTOWER_V10_FULL","UsePreset","C:\Users\jaque\AppData\Roaming\MetaQuotes\Terminal\BAEC37CBBA31C26B3C8E7E5183FE4CC4\tester\DF_HIGHTOWER_V10_FULL.ini","XAUUSD","M15","2024.01.01","2025.12.31","50","PENDING"
"33","DF_SAUCE","UsePreset","C:\Users\jaque\AppData\Roaming\MetaQuotes\Terminal\BAEC37CBBA31C26B3C8E7E5183FE4CC4\tester\DF_SAUCE.ini","XAUUSD","M15","2024.01.01","2025.12.31","50","PENDING"
"34","DF_Sauce_EA","UsePreset","C:\Users\jaque\AppData\Roaming\MetaQuotes\Terminal\BAEC37CBBA31C26B3C8E7E5183FE4CC4\tester\DF_SAUCE.ini","XAUUSD","M15","2024.01.01","2025.12.31","50","PENDING"
"35","DF_Sauce_EA_FIXED","UsePreset","C:\Users\jaque\AppData\Roaming\MetaQuotes\Terminal\BAEC37CBBA31C26B3C8E7E5183FE4CC4\tester\DF_SAUCE.ini","XAUUSD","M15","2024.01.01","2025.12.31","50","PENDING"
"36","DFHIGHTOWERV6","UsePreset","C:\Users\jaque\AppData\Roaming\MetaQuotes\Terminal\BAEC37CBBA31C26B3C8E7E5183FE4CC4\tester\DFHIGHTOWERV6.ini","XAUUSD","M15","2024.01.01","2025.12.31","50","PENDING"
"37","DJ VERSION - ULTIMATE PACKAGE (1) (1)","Template","","XAUUSD","M15","2024.01.01","2025.12.31","50","PENDING"
"38","fxDreema","Template","","XAUUSD","M15","2024.01.01","2025.12.31","50","PENDING"
"39","GOLDSETUP","Template","","XAUUSD","M15","2024.01.01","2025.12.31","50","PENDING"
"40","HALO","Template","","XAUUSD","M15","2024.01.01","2025.12.31","50","PENDING"
"41","IMB","Template","","XAUUSD","M15","2024.01.01","2025.12.31","50","PENDING"
"42","Kingdom Manner","Template","","XAUUSD","M15","2024.01.01","2025.12.31","50","PENDING"
"43","KINGDOM MANNER - ULTIMATE PACKAGE","Template","","XAUUSD","M15","2024.01.01","2025.12.31","50","PENDING"
"44","KINGDOM MANNER - VERSION 3","Template","","XAUUSD","M15","2024.01.01","2025.12.31","50","PENDING"
"45","KINGDOM MANNER - VERSION 4","Template","","XAUUSD","M15","2024.01.01","2025.12.31","50","PENDING"
"46","Kingdom Manner + Scale","Template","","XAUUSD","M15","2024.01.01","2025.12.31","50","PENDING"
"47","Kingdom Manner + Scale + Margin Close","Template","","XAUUSD","M15","2024.01.01","2025.12.31","50","PENDING"
"48","MACD Sample","UsePreset","C:\Users\jaque\AppData\Roaming\MetaQuotes\Terminal\BAEC37CBBA31C26B3C8E7E5183FE4CC4\tester\MACD Sample.ini","XAUUSD","M15","2024.01.01","2025.12.31","50","PENDING"
"49","Manner","Template","","XAUUSD","M15","2024.01.01","2025.12.31","50","PENDING"
"50","Moving Average","UsePreset","C:\Users\jaque\AppData\Roaming\MetaQuotes\Terminal\BAEC37CBBA31C26B3C8E7E5183FE4CC4\tester\Moving Average.ini","XAUUSD","M15","2024.01.01","2025.12.31","50","PENDING"
"51","SORO","Template","","XAUUSD","M15","2024.01.01","2025.12.31","50","PENDING"
"52","SORO + IMB SCALER","Template","","XAUUSD","M15","2024.01.01","2025.12.31","50","PENDING"
"53","Trade Panel Pro by RunwiseFX","Template","","XAUUSD","M15","2024.01.01","2025.12.31","50","PENDING"
