"EAName","FilePath","FileType","SizeBytes","LastWriteTimeUtc","Sha1"
"04-EA_iChimoku_Cloud","C:\Users\jaque\Documents\TRADING ECOSYSTEM\experts\imported\A15C02ED65BD15EADBC800BEC8D7048A\04-EA_iChimoku_Cloud.mq4","MQ4","422070","2022-12-29T18:20:14.0905635Z","D9F63C975D4D64431665E7E41972733561FE1C4A"
"Accelerator","C:\Users\jaque\Documents\TRADING ECOSYSTEM\backups\KOT4X_migration_20260321_173657\Indicators\Accelerator.ex4","EX4","10848","2026-03-21T21:20:03.1196042Z","00AF6390C791FBDAFBB9FF8B56A975D2FE774DCC"
"Accelerator","C:\Users\jaque\Documents\TRADING ECOSYSTEM\backups\KOT4X_migration_20260321_173657\Indicators\Accelerator.mq4","MQ4","3970","2026-03-21T21:20:00.6406984Z","7E6F7425082BD0E7F97F25F8CC074658D1D90196"
"Accumulation","C:\Users\jaque\Documents\TRADING ECOSYSTEM\backups\KOT4X_migration_20260321_173657\Indicators\Accumulation.ex4","EX4","7518","2026-03-21T21:20:03.2720996Z","A1C3F178FFE8D5BA7E554D60206E6404FF0D873B"
"Accumulation","C:\Users\jaque\Documents\TRADING ECOSYSTEM\backups\KOT4X_migration_20260321_173657\Indicators\Accumulation.mq4","MQ4","2433","2026-03-21T21:20:00.6426980Z","3727BE1D7D18916681CA2E9ACE514EFB2E66161E"
"Alligator","C:\Users\jaque\Documents\TRADING ECOSYSTEM\backups\KOT4X_migration_20260321_173657\Indicators\Alligator.ex4","EX4","9534","2026-03-21T21:20:03.4512498Z","3CC0765745D4F1D42A9CA33900EE794476775A92"
"Alligator","C:\Users\jaque\Documents\TRADING ECOSYSTEM\backups\KOT4X_migration_20260321_173657\Indicators\Alligator.mq4","MQ4","3268","2026-03-21T21:20:00.6456991Z","CBB0FABAA9DF135484A0A0062F4EE49210F2FDFB"
"ATR","C:\Users\jaque\Documents\TRADING ECOSYSTEM\backups\KOT4X_migration_20260321_173657\Indicators\ATR.ex4","EX4","9484","2026-03-21T21:20:03.6178804Z","EE0DD5E2A502675E2018087C4D342B1241A33248"
"ATR","C:\Users\jaque\Documents\TRADING ECOSYSTEM\backups\KOT4X_migration_20260321_173657\Indicators\ATR.mq4","MQ4","3900","2026-03-21T21:20:00.6466982Z","BA347CCC0364671A03FFFC73A2242B52A6217C76"
"AVA","C:\Users\jaque\Documents\TRADING ECOSYSTEM\experts\imported\BAEC37CBBA31C26B3C8E7E5183FE4CC4\AVA.ex4","EX4","77224","2026-02-24T13:27:40.2761399Z","0A61B273B5F988F540F9CC5AB673DE024224F803"
"AVA","C:\Users\jaque\Documents\TRADING ECOSYSTEM\experts\imported\BAEC37CBBA31C26B3C8E7E5183FE4CC4\AVA.mq4","MQ4","66884","2026-02-24T13:27:39.9166553Z","093DCD77046C9EB452F89E9B566B4CB952FF7CDB"
"Awesome","C:\Users\jaque\Documents\TRADING ECOSYSTEM\backups\KOT4X_migration_20260321_173657\Indicators\Awesome.ex4","EX4","8676","2026-03-21T21:20:03.7718091Z","04E6A93F5ECACC6C81238633F278E0832DF2D42D"
"Awesome","C:\Users\jaque\Documents\TRADING ECOSYSTEM\backups\KOT4X_migration_20260321_173657\Indicators\Awesome.mq4","MQ4","3386","2026-03-21T21:20:00.6476986Z","8DB7DF64972989F7B0621469885E311256B96048"
"Bands","C:\Users\jaque\Documents\TRADING ECOSYSTEM\backups\KOT4X_migration_20260321_173657\Indicators\Bands.ex4","EX4","10708","2026-03-21T21:20:03.9509974Z","CD26076949D75E71467F8BCBF6951DB8329A04C6"
"Bands","C:\Users\jaque\Documents\TRADING ECOSYSTEM\backups\KOT4X_migration_20260321_173657\Indicators\Bands.mq4","MQ4","5009","2026-03-21T21:20:00.6497020Z","D9F8B8F278719B14D852DE767E202DCC62B6DD7B"
"Bears","C:\Users\jaque\Documents\TRADING ECOSYSTEM\backups\KOT4X_migration_20260321_173657\Indicators\Bears.ex4","EX4","7202","2026-03-21T21:20:04.1088134Z","B48BCD300DAD2CFD73B89AB4C3D5F8329D437180"
"Bears","C:\Users\jaque\Documents\TRADING ECOSYSTEM\backups\KOT4X_migration_20260321_173657\Indicators\Bears.mq4","MQ4","2527","2026-03-21T21:20:00.6507001Z","40D99EA7CAD34527BD406647DE4C0C07A5C70C25"
"Blahtech Candle Timer","C:\Users\jaque\Documents\TRADING ECOSYSTEM\backups\KOT4X_migration_20260321_173657\Indicators\Market\Blahtech Candle Timer.ex4","EX4","68312","2023-06-21T14:55:17.3737215Z","0A8DD908A372A113A53F43FE0F8CBA045507B59B"
"Bulls","C:\Users\jaque\Documents\TRADING ECOSYSTEM\backups\KOT4X_migration_20260321_173657\Indicators\Bulls.ex4","EX4","7624","2026-03-21T21:20:04.2519380Z","966D027250945888E3E0A424499D1AD7140A7821"
"Bulls","C:\Users\jaque\Documents\TRADING ECOSYSTEM\backups\KOT4X_migration_20260321_173657\Indicators\Bulls.mq4","MQ4","2512","2026-03-21T21:20:00.6526921Z","13CB28E4628C5040633FD98A5D60FA340A7323E3"
"CAP Breakout EA","C:\Users\jaque\Documents\TRADING ECOSYSTEM\experts\imported\1B8F1999BB6DD66DB2E8726E16123521\Market\CAP Breakout EA.ex4","EX4","232938","2022-12-22T14:21:43.7136768Z","01970064AB3051B2A6DFA469F0B32F32DFCA5A9E"
"CC GROW","C:\Users\jaque\Documents\TRADING ECOSYSTEM\backups\KOT4X_migration_20260321_173657\Experts\CC GROW.ex4","EX4","277656","2025-11-06T00:07:03.5555133Z","712147A3EAB084E83269FA7A88038F914415C5AA"
"CC GROW","C:\Users\jaque\Documents\TRADING ECOSYSTEM\experts\imported\C58B79822AA557F9E0C8FA97F614A647\CC GROW.ex4","EX4","277656","2025-11-06T00:07:03.5555133Z","712147A3EAB084E83269FA7A88038F914415C5AA"
"CC GROW","C:\Users\jaque\Documents\TRADING ECOSYSTEM\backups\KOT4X_migration_20260321_173657\Experts\CC GROW.mq4","MQ4","454192","2025-11-05T23:42:14.9846662Z","C82F3AC4A77C3238CEB01EDC9EBCD1C88E8A7752"
"CC GROW","C:\Users\jaque\Documents\TRADING ECOSYSTEM\experts\imported\C58B79822AA557F9E0C8FA97F614A647\CC GROW.mq4","MQ4","454192","2025-11-05T23:42:14.9846662Z","C82F3AC4A77C3238CEB01EDC9EBCD1C88E8A7752"
"CC V1","C:\Users\jaque\Documents\TRADING ECOSYSTEM\experts\imported\A15C02ED65BD15EADBC800BEC8D7048A\CC V1.ex4","EX4","178338","2022-12-31T17:34:33.2671407Z","52896DC9B70F038ADAED9BEE089650FFA0502EE0"
"CC V1","C:\Users\jaque\Documents\TRADING ECOSYSTEM\experts\imported\A15C02ED65BD15EADBC800BEC8D7048A\CC V1.mq4","MQ4","380384","2022-12-31T17:34:10.3838992Z","ADF9D9CD2B42ECDE8A78CDC87347867137A4FD80"
"CC V1.2","C:\Users\jaque\Documents\TRADING ECOSYSTEM\experts\imported\A15C02ED65BD15EADBC800BEC8D7048A\CC V1.2.ex4","EX4","180334","2022-12-31T17:48:41.5191163Z","668B196B2657A9D2D98EB16396792154FB2B8DD8"
"CC V1.2","C:\Users\jaque\Documents\TRADING ECOSYSTEM\experts\imported\A15C02ED65BD15EADBC800BEC8D7048A\CC V1.2.mq4","MQ4","389838","2022-12-31T17:48:59.5558975Z","00E0619B5A959B0F5B05180C8E6D2F6940BCFCBA"
"CC V2.4.4","C:\Users\jaque\Documents\TRADING ECOSYSTEM\experts\imported\1B8F1999BB6DD66DB2E8726E16123521\ CHEMICAL X\CC V2.4.4.ex4","EX4","203046","2023-01-01T17:56:30.7173979Z","D21A487467600AD47AEA1D864E9F9E85B80AD5B0"
"CC V2.4.4","C:\Users\jaque\Documents\TRADING ECOSYSTEM\experts\imported\1B8F1999BB6DD66DB2E8726E16123521\ CHEMICAL X\CC V2.4.4.mq4","MQ4","434444","2023-01-01T17:56:27.4254644Z","D1E1B50B5A9EEA7EB19D629FEC0FEF6AA580615E"
"CC V2.5.2","C:\Users\jaque\Documents\TRADING ECOSYSTEM\experts\imported\1B8F1999BB6DD66DB2E8726E16123521\ CHEMICAL X\CC V2.5.2.ex4","EX4","188298","2023-01-01T19:17:08.0756733Z","765F537FC857A0694208BCA00E69E2450166CA81"
"CC V2.5.2","C:\Users\jaque\Documents\TRADING ECOSYSTEM\experts\imported\1B8F1999BB6DD66DB2E8726E16123521\ CHEMICAL X\CC V2.5.2.mq4","MQ4","399322","2023-01-01T19:17:04.6874221Z","2CDFA670CB36B8C9EF997F356EE207275C7BFBFD"
"CC V2.5.2.1","C:\Users\jaque\Documents\TRADING ECOSYSTEM\experts\imported\1B8F1999BB6DD66DB2E8726E16123521\ CHEMICAL X\CC V2.5.2.1.ex4","EX4","189114","2023-01-06T14:19:29.4869691Z","28D620FAF17F070BD535BE4244D6D97F9E63A712"
"CC V2.5.2.1","C:\Users\jaque\Documents\TRADING ECOSYSTEM\experts\imported\1B8F1999BB6DD66DB2E8726E16123521\ CHEMICAL X\CC V2.5.2.1.mq4","MQ4","408674","2023-01-05T12:39:03.7155025Z","BFC4BA68AB9E05A2517DAA77D4F6C7B860491EC9"
"CCI","C:\Users\jaque\Documents\TRADING ECOSYSTEM\backups\KOT4X_migration_20260321_173657\Indicators\CCI.ex4","EX4","10640","2026-03-21T21:20:04.4183762Z","074CB3E69959D27B99F55D481CC2C47EBE7D3D98"
"CCI","C:\Users\jaque\Documents\TRADING ECOSYSTEM\backups\KOT4X_migration_20260321_173657\Indicators\CCI.mq4","MQ4","4155","2026-03-21T21:20:00.6546897Z","29766B14228AB1B6EA03BDAAF64BA9C70C848822"
"CEM BOT COPIER","C:\Users\jaque\Documents\TRADING ECOSYSTEM\experts\imported\87C991CF03D18192014A9529AF420FCA\CEM BOT COPIER\CEM BOT COPIER.ex4","EX4","12972","2026-01-03T00:03:36.8438109Z","501CA12EDA94AC22E6E8CB1FB85EF35DF4A5103D"
"CEM BOT COPIER","C:\Users\jaque\Documents\TRADING ECOSYSTEM\experts\imported\BAEC37CBBA31C26B3C8E7E5183FE4CC4\CEM BOT COPIER.ex4","EX4","17020","2026-01-03T01:30:54.1593075Z","9F34AE49E07A2299432043CC49A5A93384543C1B"
"CEM BOT COPIER","C:\Users\jaque\Documents\TRADING ECOSYSTEM\experts\imported\87C991CF03D18192014A9529AF420FCA\CEM BOT COPIER\CEM BOT COPIER.mq4","MQ4","4593","2026-01-02T23:32:25.2252807Z","7EEF7331751C22836C47B26ED74654EE9C7099D4"
"CEM BOT COPIER","C:\Users\jaque\Documents\TRADING ECOSYSTEM\experts\imported\BAEC37CBBA31C26B3C8E7E5183FE4CC4\CEM BOT COPIER.mq4","MQ4","7654","2026-01-03T01:30:53.9089885Z","E2066708E6B1851317823B34A3C384E10CA7F1E8"
"ChartWall for MT4","C:\Users\jaque\Documents\TRADING ECOSYSTEM\backups\KOT4X_migration_20260321_173657\Indicators\Market\ChartWall for MT4.ex4","EX4","261930","2023-03-01T08:44:40.3889229Z","12E4AE3213CD550DC549E2F854F012CB5CEE8BBE"
"CHEMICAL X V2","C:\Users\jaque\Documents\TRADING ECOSYSTEM\experts\imported\A15C02ED65BD15EADBC800BEC8D7048A\CHEMICAL X V2\CHEMICAL X V2.ex4","EX4","4324","2022-12-22T15:52:07.3505088Z","C2DD9D0A1677DC0E96420359FBE3DF1C3FFEA00A"
"CHEMICAL X V2","C:\Users\jaque\Documents\TRADING ECOSYSTEM\experts\imported\A15C02ED65BD15EADBC800BEC8D7048A\CHEMICAL X V2\CHEMICAL X V2.mq4","MQ4","2033","2022-12-22T20:00:47.2642474Z","105FAC3B1CB2AC19DCC939D98C4D9EA2038B6DB7"
"color-ma-indicator","C:\Users\jaque\Documents\TRADING ECOSYSTEM\backups\KOT4X_migration_20260321_173657\Indicators\color-ma-indicator.ex4","EX4","9218","2023-09-22T18:56:00.9834612Z","D3B25FD5DF54CC8AF411BCA8680498BA87F10FFE"
"culture coin","C:\Users\jaque\Documents\TRADING ECOSYSTEM\experts\imported\A15C02ED65BD15EADBC800BEC8D7048A\culture coin.mq4","MQ4","485982","2022-12-29T19:07:03.7024508Z","886CB9A8FD04439BB159565E562AAF33FC3F051B"
"CULTURE COIN V.1","C:\Users\jaque\Documents\TRADING ECOSYSTEM\experts\imported\A15C02ED65BD15EADBC800BEC8D7048A\CHEMICAL X V.3\CULTURE COIN V.1.ex4","EX4","221716","2022-12-29T19:23:03.0042715Z","C950F462931270B904EFBA86D4332F1C6E6A09C2"
"CULTURE COIN V.1","C:\Users\jaque\Documents\TRADING ECOSYSTEM\experts\imported\A15C02ED65BD15EADBC800BEC8D7048A\CULTURE COIN V.1.ex4","EX4","221214","2022-12-29T19:12:42.9013164Z","343C651016531B4EEEA4E8796C347535B634EF87"
"CULTURE COIN V.1","C:\Users\jaque\Documents\TRADING ECOSYSTEM\experts\imported\A15C02ED65BD15EADBC800BEC8D7048A\CHEMICAL X V.3\CULTURE COIN V.1.mq4","MQ4","482194","2022-12-29T19:14:27.8977371Z","627B4BCD93A4377DB275565FC0B1DB03DD21EAFE"
"CULTURE COIN V.1","C:\Users\jaque\Documents\TRADING ECOSYSTEM\experts\imported\A15C02ED65BD15EADBC800BEC8D7048A\CULTURE COIN V.1.mq4","MQ4","472548","2022-12-29T19:12:29.7260680Z","89CF380BDF05A84294C09A878B0ECF2707F9A7E9"
"CULTURE COIN V.2 (1)","C:\Users\jaque\Documents\TRADING ECOSYSTEM\experts\imported\A15C02ED65BD15EADBC800BEC8D7048A\CULTURE COIN V.2 (1).mq4","MQ4","415740","2022-12-29T19:24:24.4558560Z","679738A8374E5FFC866F6BE44BFE2354B17E13B4"
"Custom Moving Averages","C:\Users\jaque\Documents\TRADING ECOSYSTEM\backups\KOT4X_migration_20260321_173657\Indicators\Custom Moving Averages.ex4","EX4","13762","2026-03-21T21:20:04.6203114Z","D764127E0A33E602B7B87789C26F0DD4E39F9127"
"Custom Moving Averages","C:\Users\jaque\Documents\TRADING ECOSYSTEM\backups\KOT4X_migration_20260321_173657\Indicators\Custom Moving Averages.mq4","MQ4","7065","2026-03-21T21:20:00.6566896Z","2DCAED14DD79D9EFF099646FE92EEDFDC75A2022"
"DailyPercentageChange","C:\Users\jaque\Documents\TRADING ECOSYSTEM\backups\KOT4X_migration_20260321_173657\Indicators\DailyPercentageChange.ex4","EX4","24776","2025-09-21T21:34:57.5528147Z","AAAD4353AA15A5BF8B24D3C5219127BE06D75C25"
"DailyPercentageChange","C:\Users\jaque\Documents\TRADING ECOSYSTEM\backups\KOT4X_migration_20260321_173657\Indicators\DailyPercentageChange.mq4","MQ4","20050","2025-09-21T21:34:45.1749074Z","EA7490661AD6CADDB0DE34BA5C3739194265845E"
"DF 5.1","C:\Users\jaque\Documents\TRADING ECOSYSTEM\experts\imported\BAEC37CBBA31C26B3C8E7E5183FE4CC4\DF 5.1.ex4","EX4","109080","2026-02-10T15:44:27.2875321Z","6FFEA8BEF9ADD9042816DDB4BEFBF0976F84590B"
"DF 5.1","C:\Users\jaque\Documents\TRADING ECOSYSTEM\experts\imported\BAEC37CBBA31C26B3C8E7E5183FE4CC4\DF 5.1.mq4","MQ4","97238","2026-02-08T23:26:58.0480039Z","0E79830D7F4463D675EFF237AED8428CB02D218A"
"DF HIGHTOWER","C:\Users\jaque\Documents\TRADING ECOSYSTEM\experts\imported\BAEC37CBBA31C26B3C8E7E5183FE4CC4\DF HIGHTOWER.ex4","EX4","78422","2026-03-01T14:23:33.6756351Z","DC7EB234D8E5A66270F9445F5E9BA9BE90FB8EFB"
"DF HIGHTOWER","C:\Users\jaque\Documents\TRADING ECOSYSTEM\experts\imported\BAEC37CBBA31C26B3C8E7E5183FE4CC4\DF HIGHTOWER.mq4","MQ4","69440","2026-03-01T14:23:33.1083347Z","BB0B47A8304DEDC618616B5630876290EEC830F5"
"DF HIGHTOWER V2","C:\Users\jaque\Documents\TRADING ECOSYSTEM\experts\imported\BAEC37CBBA31C26B3C8E7E5183FE4CC4\DF HIGHTOWER V2.ex4","EX4","101532","2026-03-01T17:22:56.6026136Z","22ABA2C5AA55EEE3E9B72A3A68663EFABB696DA5"
"DF HIGHTOWER V2","C:\Users\jaque\Documents\TRADING ECOSYSTEM\experts\imported\BAEC37CBBA31C26B3C8E7E5183FE4CC4\DF HIGHTOWER V2.mq4","MQ4","85496","2026-03-01T17:22:56.2085833Z","2266C8BE38D950DF700D5E8B89605D852CCC5987"
"DF HIGHTOWER V3","C:\Users\jaque\Documents\TRADING ECOSYSTEM\experts\imported\BAEC37CBBA31C26B3C8E7E5183FE4CC4\DF HIGHTOWER V3.ex4","EX4","110722","2026-03-01T18:09:39.3807824Z","1581BAB2F2A17A647505492CB8A1C9E4104887EF"
"DF HIGHTOWER V3","C:\Users\jaque\Documents\TRADING ECOSYSTEM\experts\imported\BAEC37CBBA31C26B3C8E7E5183FE4CC4\DF HIGHTOWER V3.mq4","MQ4","96710","2026-03-01T18:09:38.9877540Z","1C21AF50D691900A1FA8654FF8C1447A264090F7"
"DF KNOT","C:\Users\jaque\Documents\TRADING ECOSYSTEM\experts\imported\87C991CF03D18192014A9529AF420FCA\DF KNOT.ex4","EX4","41964","2026-01-01T22:42:30.9617600Z","1E7ED835D43DCAAF7677B1C91C5776D8ACCCC5DC"
"DF KNOT","C:\Users\jaque\Documents\TRADING ECOSYSTEM\experts\imported\BAEC37CBBA31C26B3C8E7E5183FE4CC4\DF KNOT\DF KNOT.ex4","EX4","42100","2025-12-31T17:48:30.7700798Z","CB16B81D4F618137A0233A28B5FFD5194E9FD6D4"
"DF KNOT","C:\Users\jaque\Documents\TRADING ECOSYSTEM\experts\imported\87C991CF03D18192014A9529AF420FCA\DF KNOT.mq4","MQ4","29766","2026-01-01T22:42:08.2043573Z","6271188CE34B5B36F49E8DA27D9F33018D51B643"
"DF KNOT +AUTOFLIP","C:\Users\jaque\Documents\TRADING ECOSYSTEM\experts\imported\87C991CF03D18192014A9529AF420FCA\DF KNOT +AUTOFLIP.ex4","EX4","58218","2026-01-02T23:31:07.5245140Z","E0278AC975B82E821DF7A716B1AA1BC052D429C0"
"DF KNOT +AUTOFLIP","C:\Users\jaque\Documents\TRADING ECOSYSTEM\experts\imported\BAEC37CBBA31C26B3C8E7E5183FE4CC4\DF KNOT +AUTOFLIP.ex4","EX4","43256","2026-01-01T22:42:30.0863252Z","E8EF51C3A9C08CE8E6D932A7A6A2C59702802FFD"
"DF KNOT +AUTOFLIP","C:\Users\jaque\Documents\TRADING ECOSYSTEM\experts\imported\BAEC37CBBA31C26B3C8E7E5183FE4CC4\DF KNOT +AUTOFLIP\DF KNOT +AUTOFLIP.ex4","EX4","43662","2025-12-31T21:01:07.6406865Z","FFBAAFEB71D763397275FBB8A2F4F290D001E05E"
"DF KNOT +AUTOFLIP","C:\Users\jaque\Documents\TRADING ECOSYSTEM\experts\imported\87C991CF03D18192014A9529AF420FCA\DF KNOT +AUTOFLIP.mq4","MQ4","46262","2026-01-02T23:15:20.0083125Z","E393A74A8C00442F254B9C5A90E0790780C87C96"
"DF KNOT +AUTOFLIP","C:\Users\jaque\Documents\TRADING ECOSYSTEM\experts\imported\BAEC37CBBA31C26B3C8E7E5183FE4CC4\DF KNOT +AUTOFLIP\DF KNOT +AUTOFLIP.mq4","MQ4","30510","2025-12-31T18:44:36.2953255Z","CC78F93E39B5F6CE304A77D48001260EC98FB3E0"
"DF LADDER","C:\Users\jaque\Documents\TRADING ECOSYSTEM\experts\imported\87C991CF03D18192014A9529AF420FCA\DF LADDER.ex4","EX4","46300","2026-01-01T22:36:54.0194125Z","157F4729FD8E9D56BAD8A5A6E943B48521547838"
"DF LADDER","C:\Users\jaque\Documents\TRADING ECOSYSTEM\experts\imported\87C991CF03D18192014A9529AF420FCA\DF LADDER.mq4","MQ4","66052","2026-01-01T18:55:30.7173772Z","49CA0F73822EADEC7854D75BFFC88B294717294E"
"DF LADDER - MOTION","C:\Users\jaque\Documents\TRADING ECOSYSTEM\experts\imported\BAEC37CBBA31C26B3C8E7E5183FE4CC4\DF LADDER - MOTION.ex4","EX4","97588","2026-01-09T23:32:43.0877839Z","D26477628B0DD069D88E7691622511710F20F564"
"DF LADDER - MOTION","C:\Users\jaque\Documents\TRADING ECOSYSTEM\experts\imported\BAEC37CBBA31C26B3C8E7E5183FE4CC4\DF LADDER - MOTION.mq4","MQ4","94542","2026-01-09T23:32:42.8065420Z","9CFF436BEF0348BBBBF859D667BD984CCA5DE306"
"DF LADDER - MOTION V3","C:\Users\jaque\Documents\TRADING ECOSYSTEM\experts\imported\BAEC37CBBA31C26B3C8E7E5183FE4CC4\DF LADDER - MOTION V3.ex4","EX4","110740","2026-02-07T16:59:21.9515144Z","A6EC13096A45247C1600677DDA95B1DD1F4F9C0D"
"DF LADDER - MOTION V3","C:\Users\jaque\Documents\TRADING ECOSYSTEM\experts\imported\BAEC37CBBA31C26B3C8E7E5183FE4CC4\DF LADDER - MOTION V3.mq4","MQ4","117148","2026-02-04T01:21:37.3895638Z","474F21878CF466668D7331317D1CBE88C5A3BDED"
"DF LADDER- MOTION V2","C:\Users\jaque\Documents\TRADING ECOSYSTEM\experts\imported\BAEC37CBBA31C26B3C8E7E5183FE4CC4\DF LADDER- MOTION V2.ex4","EX4","103036","2026-01-17T16:31:23.9649962Z","C173766A9A372B84E0845B6517D516BECB597781"
"DF LADDER- MOTION V2","C:\Users\jaque\Documents\TRADING ECOSYSTEM\experts\imported\BAEC37CBBA31C26B3C8E7E5183FE4CC4\DF LADDER- MOTION V2.mq4","MQ4","104262","2026-01-17T16:31:23.7305523Z","CFB393AA6BB9C5C12547379E9F33FA4F7B347A53"
"DF LADDER RV","C:\Users\jaque\Documents\TRADING ECOSYSTEM\experts\imported\87C991CF03D18192014A9529AF420FCA\DF LADDER RV.ex4","EX4","71438","2026-01-02T23:31:10.0806144Z","FDC1E4811E9441045483FF97B5A59F87367249D6"
"DF LADDER RV","C:\Users\jaque\Documents\TRADING ECOSYSTEM\experts\imported\BAEC37CBBA31C26B3C8E7E5183FE4CC4\DF LADDER RV.ex4","EX4","74186","2026-01-07T20:21:43.9142093Z","9BDA33B95FC2FA291BE7EFBE284CAB3AD36E239C"
"DF LADDER RV","C:\Users\jaque\Documents\TRADING ECOSYSTEM\experts\imported\87C991CF03D18192014A9529AF420FCA\DF LADDER RV.mq4","MQ4","88856","2026-01-02T23:30:54.9448900Z","C871FD681AC1FE04525124D6E71639824CE5E131"
"DF LADDER RV","C:\Users\jaque\Documents\TRADING ECOSYSTEM\experts\imported\BAEC37CBBA31C26B3C8E7E5183FE4CC4\DF LADDER RV.mq4","MQ4","93412","2026-01-07T20:20:19.1274008Z","6C339A1BD735AD79FA0E8C5134139B7065C3A85E"
"DF ORIGINAL","C:\Users\jaque\Documents\TRADING ECOSYSTEM\experts\imported\BAEC37CBBA31C26B3C8E7E5183FE4CC4\DF ORIGINal\DF ORIGINAL.ex4","EX4","141490","2026-02-22T18:19:24.3939744Z","2A439687AF67933590C0362595DCF8D76BE1B358"
"DF ORIGINAL","C:\Users\jaque\Documents\TRADING ECOSYSTEM\experts\imported\BAEC37CBBA31C26B3C8E7E5183FE4CC4\DF ORIGINal\DF ORIGINAL.mq4","MQ4","135912","2026-02-22T18:19:24.0622158Z","530016CC6AE68E872323F3430827EBB676530900"
"DF ORIGINAL ","C:\Users\jaque\Documents\TRADING ECOSYSTEM\experts\imported\BAEC37CBBA31C26B3C8E7E5183FE4CC4\DF ORIGINal\DF ORIGINAL .ex4","EX4","138290","2026-02-22T17:59:04.8814878Z","6165F098BB194144170316BCCB65611B3A04C686"
"DF SAUCE","C:\Users\jaque\Documents\TRADING ECOSYSTEM\experts\imported\BAEC37CBBA31C26B3C8E7E5183FE4CC4\DF SAUCE.ex4","EX4","44148","2026-02-06T15:28:48.4294815Z","ED57D1D712410A43A39A6D2FC68D316CBDFF05E5"
"DF SAUCE","C:\Users\jaque\Documents\TRADING ECOSYSTEM\experts\imported\BAEC37CBBA31C26B3C8E7E5183FE4CC4\DF SAUCE.mq4","MQ4","40856","2026-02-06T15:28:48.0863969Z","A7A30C3EA4BC8F0220B473916A010DE456C8B0B6"
"DF SAUCE 2.0","C:\Users\jaque\Documents\TRADING ECOSYSTEM\experts\imported\BAEC37CBBA31C26B3C8E7E5183FE4CC4\DF SAUCE 2.0.ex4","EX4","72482","2026-02-07T17:31:05.7973011Z","91419A197D73777C6BC8B7FC6528868318318EC9"
"DF SAUCE 2.0","C:\Users\jaque\Documents\TRADING ECOSYSTEM\experts\imported\BAEC37CBBA31C26B3C8E7E5183FE4CC4\DF SAUCE 2.0.mq4","MQ4","78008","2026-02-07T17:31:05.4843109Z","9FF7679552B46EE454527C457CA6DDA349A4AC18"
"DF SAUCE FINAL","C:\Users\jaque\Documents\TRADING ECOSYSTEM\experts\imported\BAEC37CBBA31C26B3C8E7E5183FE4CC4\DF SAUCE FINAL.ex4","EX4","146190","2026-02-24T17:29:49.2618452Z","CE019F42AB8A025E22DFF21624B5143A234AC63C"
"DF SAUCE FINAL","C:\Users\jaque\Documents\TRADING ECOSYSTEM\experts\imported\BAEC37CBBA31C26B3C8E7E5183FE4CC4\DF SAUCE FINAL.mq4","MQ4","133396","2026-02-20T07:14:12.8436594Z","96AF508F1D5BD6F4DF1069BD9BBA0A5DD95951EF"
"DF TREND GHOST","C:\Users\jaque\Documents\TRADING ECOSYSTEM\experts\imported\BAEC37CBBA31C26B3C8E7E5183FE4CC4\DF TREND GHOST.ex4","EX4","128748","2026-02-12T01:51:38.1253300Z","682D0795ECAF51D623737CF7F33E505CD814675C"
"DF TREND GHOST","C:\Users\jaque\Documents\TRADING ECOSYSTEM\experts\imported\BAEC37CBBA31C26B3C8E7E5183FE4CC4\DF TREND GHOST.mq4","MQ4","120846","2026-02-12T01:51:37.7345342Z","4FCB0AFBC0C5FF89E6427B09D5A5E83DFC6F1DFE"
"DF_HIGHTOWER_ADAPTIVE_V7","C:\Users\jaque\Documents\TRADING ECOSYSTEM\experts\imported\BAEC37CBBA31C26B3C8E7E5183FE4CC4\DF_HIGHTOWER_ADAPTIVE_V7.ex4","EX4","151100","2026-03-05T17:26:04.3174741Z","5BAF41C42F71E7E1B429744A922714C1D346633E"
"DF_HIGHTOWER_ADAPTIVE_V7","C:\Users\jaque\Documents\TRADING ECOSYSTEM\experts\imported\BAEC37CBBA31C26B3C8E7E5183FE4CC4\DF_HIGHTOWER_ADAPTIVE_V7.mq4","MQ4","66421","2026-03-05T17:26:04.0831056Z","54A615454DBB1A3B4F5A7F04FD391659395C2EF9"
"DF_HIGHTOWER_V10_FULL","C:\Users\jaque\Documents\TRADING ECOSYSTEM\experts\imported\BAEC37CBBA31C26B3C8E7E5183FE4CC4\DF_HIGHTOWER_V10_FULL.ex4","EX4","142020","2026-03-04T12:57:32.3231043Z","9293BBCE3C259ADC9AA77E5653227C59D1906949"
"DF_HIGHTOWER_V10_FULL","C:\Users\jaque\Documents\TRADING ECOSYSTEM\experts\imported\BAEC37CBBA31C26B3C8E7E5183FE4CC4\DF_HIGHTOWER_V10_FULL.mq4","MQ4","128132","2026-03-04T12:57:32.0347361Z","B1D6774A8D1A4C69CD3156344CC5884BC01874AF"
"DF_QUANTUM","C:\Users\jaque\Documents\TRADING ECOSYSTEM\backups\KOT4X_migration_20260321_173657\Experts\DF_QUANTUM\DF_QUANTUM.ex4","EX4","34754","2026-03-21T21:19:08.3595149Z","9C2AA3315BAFFC86E9AF7ED4F34CFE5C72092DFC"
"DF_QUANTUM","C:\Users\jaque\Documents\TRADING ECOSYSTEM\backups\KOT4X_migration_20260321_173657\Experts\DF_QUANTUM\DF_QUANTUM.mq4","MQ4","16845","2026-03-21T21:12:45.2617675Z","8115265F66C4050D95FB1A0E76F1BBD0659FAB09"
"DF_QUANTUM","C:\Users\jaque\Documents\TRADING ECOSYSTEM\experts\DF_QUANTUM\DF_QUANTUM.mq4","MQ4","16845","2026-03-21T21:12:45.2617675Z","8115265F66C4050D95FB1A0E76F1BBD0659FAB09"
"DF_SAUCE","C:\Users\jaque\Documents\TRADING ECOSYSTEM\experts\imported\87C991CF03D18192014A9529AF420FCA\DF_SAUCE.ex4","EX4","176552","2025-12-31T02:54:22.6256168Z","3E2D5EC0695DAB6CE7E56FC75A5B986EB84EDB4C"
"DF_SAUCE","C:\Users\jaque\Documents\TRADING ECOSYSTEM\experts\imported\BAEC37CBBA31C26B3C8E7E5183FE4CC4\DF_SAUCE.ex4","EX4","139950","2026-02-16T11:07:58.2335156Z","6B2E9FDC96F0C79FBA8CDECD4E1710F942237279"
"DF_SAUCE","C:\Users\jaque\Documents\TRADING ECOSYSTEM\experts\imported\87C991CF03D18192014A9529AF420FCA\DF_SAUCE.mq4","MQ4","199466","2025-12-22T16:34:08.7229773Z","EE5D594C2BA7C0D7739E2CDAF01801E726FF449D"
"DF_SAUCE","C:\Users\jaque\Documents\TRADING ECOSYSTEM\experts\imported\BAEC37CBBA31C26B3C8E7E5183FE4CC4\DF_SAUCE.mq4","MQ4","135912","2026-02-14T19:03:17.0358423Z","C0A11C78E0A97CA054849EF454BD83247D626A5C"
"DF_Sauce_EA","C:\Users\jaque\Documents\TRADING ECOSYSTEM\backups\KOT4X_migration_20260321_173657\Experts\DF_Sauce_EA.ex4","EX4","39646","2026-01-01T12:49:34.0539438Z","FE5C0CA01144F666FA96F41D8109580F947BC74E"
"DF_Sauce_EA","C:\Users\jaque\Documents\TRADING ECOSYSTEM\experts\imported\C58B79822AA557F9E0C8FA97F614A647\DF_Sauce_EA.ex4","EX4","39646","2026-01-01T12:49:34.0539438Z","FE5C0CA01144F666FA96F41D8109580F947BC74E"
"DF_Sauce_EA","C:\Users\jaque\Documents\TRADING ECOSYSTEM\backups\KOT4X_migration_20260321_173657\Experts\DF_Sauce_EA.mq4","MQ4","45742","2026-01-01T12:49:33.4735450Z","613FD5B213FB3E2E97FD162194390928865A8F99"
"DF_Sauce_EA","C:\Users\jaque\Documents\TRADING ECOSYSTEM\experts\imported\C58B79822AA557F9E0C8FA97F614A647\DF_Sauce_EA.mq4","MQ4","45742","2026-01-01T12:49:33.4735450Z","613FD5B213FB3E2E97FD162194390928865A8F99"
"DF_Sauce_EA_FIXED","C:\Users\jaque\Documents\TRADING ECOSYSTEM\backups\KOT4X_migration_20260321_173657\Experts\DF_Sauce_EA_FIXED.ex4","EX4","22380","2025-10-22T14:15:50.0057060Z","D88510DE23FFA902A68DB704B30CCB592A3B6249"
"DF_Sauce_EA_FIXED","C:\Users\jaque\Documents\TRADING ECOSYSTEM\experts\imported\C58B79822AA557F9E0C8FA97F614A647\DF_Sauce_EA_FIXED.ex4","EX4","22380","2025-10-22T14:15:50.0057060Z","D88510DE23FFA902A68DB704B30CCB592A3B6249"
"DFHIGHTOWERV6","C:\Users\jaque\Documents\TRADING ECOSYSTEM\experts\imported\BAEC37CBBA31C26B3C8E7E5183FE4CC4\DFHIGHTOWERV6.ex4","EX4","146352","2026-03-09T12:33:08.4766185Z","1F9FC5E8708CE06557752FEE4F62086A5F337B3D"
"DFHIGHTOWERV6","C:\Users\jaque\Documents\TRADING ECOSYSTEM\experts\imported\BAEC37CBBA31C26B3C8E7E5183FE4CC4\DFHIGHTOWERV6.mq4","MQ4","129152","2026-03-05T20:32:58.0953432Z","8FA34D6EF5D41DE2C91FF987A5974D820E06E747"
"DJ VERSION - ULTIMATE PACKAGE (1) (1)","C:\Users\jaque\Documents\TRADING ECOSYSTEM\backups\KOT4X_migration_20260321_173657\Experts\DJ VERSION - ULTIMATE PACKAGE (1) (1).ex4","EX4","384148","2025-11-20T17:40:50.6762675Z","EAC7B356051F9609F03CAA9DC648987C831A8B80"
"DJ VERSION - ULTIMATE PACKAGE (1) (1)","C:\Users\jaque\Documents\TRADING ECOSYSTEM\experts\imported\C58B79822AA557F9E0C8FA97F614A647\DJ VERSION - ULTIMATE PACKAGE (1) (1).ex4","EX4","384148","2025-11-20T17:40:50.6762675Z","EAC7B356051F9609F03CAA9DC648987C831A8B80"
"fxDreema","C:\Users\jaque\Documents\TRADING ECOSYSTEM\experts\imported\A15C02ED65BD15EADBC800BEC8D7048A\fxDreema.ex4","EX4","221622","2022-12-29T19:09:24.9968460Z","A259BF2DA10769D8326FC21B6782C627D15B722C"
"fxDreema","C:\Users\jaque\Documents\TRADING ECOSYSTEM\experts\imported\A15C02ED65BD15EADBC800BEC8D7048A\fxDreema.mq4","MQ4","472532","2022-12-29T19:11:43.5847135Z","F7BD7302F0DC2221DF89D56FD9F970F947AABB4E"
"GOLDSETUP","C:\Users\jaque\Documents\TRADING ECOSYSTEM\backups\KOT4X_migration_20260321_173657\Experts\GOLDSETUP.ex4","EX4","74666","2025-12-14T16:13:52.0921463Z","8D25ED5C3329FD9988701E6D5960032819CC9AA9"
"GOLDSETUP","C:\Users\jaque\Documents\TRADING ECOSYSTEM\experts\imported\C58B79822AA557F9E0C8FA97F614A647\GOLDSETUP.ex4","EX4","74666","2025-12-14T16:13:52.0921463Z","8D25ED5C3329FD9988701E6D5960032819CC9AA9"
"GOLDSETUP","C:\Users\jaque\Documents\TRADING ECOSYSTEM\backups\KOT4X_migration_20260321_173657\Experts\GOLDSETUP.mq4","MQ4","86210","2025-12-14T16:13:51.8361281Z","B1C7B9736A4401E04CFB4464E685AA6520BF58A3"
"GOLDSETUP","C:\Users\jaque\Documents\TRADING ECOSYSTEM\experts\imported\C58B79822AA557F9E0C8FA97F614A647\GOLDSETUP.mq4","MQ4","86210","2025-12-14T16:13:51.8361281Z","B1C7B9736A4401E04CFB4464E685AA6520BF58A3"
"HALO","C:\Users\jaque\Documents\TRADING ECOSYSTEM\backups\KOT4X_migration_20260321_173657\Experts\HALO.ex4","EX4","21660","2025-12-07T05:34:07.3077019Z","952E3E6ADE252B4B0C1E8C767290ADF152ABC402"
"HALO","C:\Users\jaque\Documents\TRADING ECOSYSTEM\experts\imported\C58B79822AA557F9E0C8FA97F614A647\HALO.ex4","EX4","21660","2025-12-07T05:34:07.3077019Z","952E3E6ADE252B4B0C1E8C767290ADF152ABC402"
"Heiken Ashi","C:\Users\jaque\Documents\TRADING ECOSYSTEM\backups\KOT4X_migration_20260321_173657\Indicators\Heiken Ashi.ex4","EX4","13102","2026-03-21T21:20:04.7854564Z","6F0B6371A238A0FCBA8C5152904D3411B5A1FD3E"
"Heiken Ashi","C:\Users\jaque\Documents\TRADING ECOSYSTEM\backups\KOT4X_migration_20260321_173657\Indicators\Heiken Ashi.mq4","MQ4","4915","2026-03-21T21:20:00.6636900Z","4ED7895396EAEFCEBB66EBA8FC3131B995168347"
"Ichimoku","C:\Users\jaque\Documents\TRADING ECOSYSTEM\backups\KOT4X_migration_20260321_173657\Indicators\Ichimoku.ex4","EX4","15818","2026-03-21T21:20:04.9706447Z","B77AE6EAE12A1F5511ACFB3AEE80E2E559C95F70"
"Ichimoku","C:\Users\jaque\Documents\TRADING ECOSYSTEM\backups\KOT4X_migration_20260321_173657\Indicators\Ichimoku.mq4","MQ4","6685","2026-03-21T21:20:00.6654885Z","07D96261B5C05A52A63E4A814B779C6C8BC85795"
"iExposure","C:\Users\jaque\Documents\TRADING ECOSYSTEM\backups\KOT4X_migration_20260321_173657\Indicators\iExposure.ex4","EX4","15926","2026-03-21T21:20:05.1676558Z","092A24154BD6366945B5BFD4AC9715646508B86A"
"iExposure","C:\Users\jaque\Documents\TRADING ECOSYSTEM\backups\KOT4X_migration_20260321_173657\Indicators\iExposure.mq4","MQ4","8626","2026-03-21T21:20:00.6654885Z","1902BFB0095D1CDA8D90B047954003946E7D0582"
"IMB","C:\Users\jaque\Documents\TRADING ECOSYSTEM\backups\KOT4X_migration_20260321_173657\Experts\IMB\IMB.ex4","EX4","27398","2025-12-05T23:02:33.6291928Z","F6F76B2F14368159A148B0F3ED898FAAE147B421"
"IMB","C:\Users\jaque\Documents\TRADING ECOSYSTEM\experts\imported\C58B79822AA557F9E0C8FA97F614A647\IMB\IMB.ex4","EX4","27398","2025-12-05T23:02:33.6291928Z","F6F76B2F14368159A148B0F3ED898FAAE147B421"
"IMB","C:\Users\jaque\Documents\TRADING ECOSYSTEM\backups\KOT4X_migration_20260321_173657\Experts\IMB\IMB.mq4","MQ4","38036","2025-12-05T23:02:33.4081778Z","C82920442414DF7A9A1B21B489A65F90F93CBEFF"
"IMB","C:\Users\jaque\Documents\TRADING ECOSYSTEM\experts\imported\C58B79822AA557F9E0C8FA97F614A647\IMB\IMB.mq4","MQ4","38036","2025-12-05T23:02:33.4081778Z","C82920442414DF7A9A1B21B489A65F90F93CBEFF"
"Kingdom Manner","C:\Users\jaque\Documents\TRADING ECOSYSTEM\backups\KOT4X_migration_20260321_173657\Experts\Kingdom Manner.ex4","EX4","219968","2023-08-19T13:57:31.7433478Z","89D71B595507EBB7EEDA6B2BDC63983E83B34B09"
"Kingdom Manner","C:\Users\jaque\Documents\TRADING ECOSYSTEM\experts\imported\C58B79822AA557F9E0C8FA97F614A647\Kingdom Manner.ex4","EX4","219968","2023-08-19T13:57:31.7433478Z","89D71B595507EBB7EEDA6B2BDC63983E83B34B09"
"Kingdom Manner","C:\Users\jaque\Documents\TRADING ECOSYSTEM\backups\KOT4X_migration_20260321_173657\Experts\Kingdom Manner.mq4","MQ4","490682","2023-08-19T13:57:28.4967632Z","F815265CAF6F5A7D6E9E8497B2CFC52320981FAE"
"Kingdom Manner","C:\Users\jaque\Documents\TRADING ECOSYSTEM\experts\imported\C58B79822AA557F9E0C8FA97F614A647\Kingdom Manner.mq4","MQ4","490682","2023-08-19T13:57:28.4967632Z","F815265CAF6F5A7D6E9E8497B2CFC52320981FAE"
"KINGDOM MANNER - ULTIMATE PACKAGE","C:\Users\jaque\Documents\TRADING ECOSYSTEM\backups\KOT4X_migration_20260321_173657\Experts\KINGDOM MANNER - ULTIMATE PACKAGE.ex4","EX4","344820","2025-11-04T01:11:23.9943884Z","A023C545CDF66E0654C173B4FFBD5E8EC8C4E09E"
"KINGDOM MANNER - ULTIMATE PACKAGE","C:\Users\jaque\Documents\TRADING ECOSYSTEM\experts\imported\C58B79822AA557F9E0C8FA97F614A647\KINGDOM MANNER - ULTIMATE PACKAGE.ex4","EX4","344820","2025-11-04T01:11:23.9943884Z","A023C545CDF66E0654C173B4FFBD5E8EC8C4E09E"
"KINGDOM MANNER - ULTIMATE PACKAGE","C:\Users\jaque\Documents\TRADING ECOSYSTEM\backups\KOT4X_migration_20260321_173657\Experts\KINGDOM MANNER - ULTIMATE PACKAGE.mq4","MQ4","709272","2025-11-04T01:11:23.4723495Z","E947A57F73DEFB4FDD37381C4B37DA9D053A8FA4"
"KINGDOM MANNER - ULTIMATE PACKAGE","C:\Users\jaque\Documents\TRADING ECOSYSTEM\experts\imported\C58B79822AA557F9E0C8FA97F614A647\KINGDOM MANNER - ULTIMATE PACKAGE.mq4","MQ4","709272","2025-11-04T01:11:23.4723495Z","E947A57F73DEFB4FDD37381C4B37DA9D053A8FA4"
"KINGDOM MANNER - VERSION 3","C:\Users\jaque\Documents\TRADING ECOSYSTEM\backups\KOT4X_migration_20260321_173657\Experts\KINGDOM MANNER - VERSION 3.ex4","EX4","266228","2025-10-23T15:52:57.1850638Z","582DC7A5049380A3FC375BDEAC91B590805D5C6E"
"KINGDOM MANNER - VERSION 3","C:\Users\jaque\Documents\TRADING ECOSYSTEM\experts\imported\C58B79822AA557F9E0C8FA97F614A647\KINGDOM MANNER - VERSION 3.ex4","EX4","266228","2025-10-23T15:52:57.1850638Z","582DC7A5049380A3FC375BDEAC91B590805D5C6E"
"KINGDOM MANNER - VERSION 4","C:\Users\jaque\Documents\TRADING ECOSYSTEM\backups\KOT4X_migration_20260321_173657\Experts\KINGDOM MANNER - VERSION 4.ex4","EX4","270372","2025-10-23T14:30:53.5414906Z","DE0200D7D21B171142F53B4BB097C5FCC9B90946"
"KINGDOM MANNER - VERSION 4","C:\Users\jaque\Documents\TRADING ECOSYSTEM\experts\imported\C58B79822AA557F9E0C8FA97F614A647\KINGDOM MANNER - VERSION 4.ex4","EX4","270372","2025-10-23T14:30:53.5414906Z","DE0200D7D21B171142F53B4BB097C5FCC9B90946"
"Kingdom Manner + Scale","C:\Users\jaque\Documents\TRADING ECOSYSTEM\backups\KOT4X_migration_20260321_173657\Experts\Kingdom Manner + Scale.ex4","EX4","255680","2025-10-23T16:22:06.8567585Z","5E6CDA66EF4F915C0695069D27114DBD1B57A143"
"Kingdom Manner + Scale","C:\Users\jaque\Documents\TRADING ECOSYSTEM\experts\imported\1B8F1999BB6DD66DB2E8726E16123521\KM\Kingdom Manner + Scale.ex4","EX4","71740","2025-10-05T12:53:35.7842252Z","ABA0707A45CF0C990CBF155A814B8457B861F25F"
"Kingdom Manner + Scale","C:\Users\jaque\Documents\TRADING ECOSYSTEM\experts\imported\C58B79822AA557F9E0C8FA97F614A647\Kingdom Manner + Scale.ex4","EX4","255680","2025-10-23T16:22:06.8567585Z","5E6CDA66EF4F915C0695069D27114DBD1B57A143"
"Kingdom Manner + Scale","C:\Users\jaque\Documents\TRADING ECOSYSTEM\backups\KOT4X_migration_20260321_173657\Experts\Kingdom Manner + Scale.mq4","MQ4","562422","2025-10-23T16:22:06.5547364Z","1F24FD87E3A93CF964E9268BF8A5BCBFD5670D40"
"Kingdom Manner + Scale","C:\Users\jaque\Documents\TRADING ECOSYSTEM\experts\imported\1B8F1999BB6DD66DB2E8726E16123521\KM\Kingdom Manner + Scale.mq4","MQ4","567258","2025-10-05T12:53:35.3211910Z","1ECE0FD6B834B6E0600430941A64B585C57398B8"
"Kingdom Manner + Scale","C:\Users\jaque\Documents\TRADING ECOSYSTEM\experts\imported\C58B79822AA557F9E0C8FA97F614A647\Kingdom Manner + Scale.mq4","MQ4","562422","2025-10-23T16:22:06.5547364Z","1F24FD87E3A93CF964E9268BF8A5BCBFD5670D40"
"Kingdom Manner + Scale + Margin Close","C:\Users\jaque\Documents\TRADING ECOSYSTEM\experts\imported\1B8F1999BB6DD66DB2E8726E16123521\KM\Kingdom Manner + Scale + Margin Close.mq4","MQ4","597920","2025-10-19T17:23:49.7739222Z","8BD9E0DD9DCFCF7D89B9777EE95BCC8CDB9393ED"
"MACD","C:\Users\jaque\Documents\TRADING ECOSYSTEM\backups\KOT4X_migration_20260321_173657\Indicators\MACD.ex4","EX4","10828","2026-03-21T21:20:05.3518947Z","3A4021CEC83AC33275F177EC3AEF0437A0A70B2E"
"MACD","C:\Users\jaque\Documents\TRADING ECOSYSTEM\backups\KOT4X_migration_20260321_173657\Indicators\MACD.mq4","MQ4","3495","2026-03-21T21:20:00.6654885Z","7FE0D1B5BAB754077C5C3CDB183B7C812065D32C"
"MACD Sample","C:\Users\jaque\Documents\TRADING ECOSYSTEM\backups\KOT4X_migration_20260321_173657\Experts\MACD Sample.ex4","EX4","10232","2026-03-21T21:20:02.3565492Z","50E951A90F44C606FF5416B8A5F06038CE9B6B2D"
"MACD Sample","C:\Users\jaque\Documents\TRADING ECOSYSTEM\experts\imported\1B8F1999BB6DD66DB2E8726E16123521\MACD Sample.ex4","EX4","10568","2025-12-22T16:08:08.4919847Z","F43E375B4C72B10AE73A90B744E563A4D521CDA2"
"MACD Sample","C:\Users\jaque\Documents\TRADING ECOSYSTEM\experts\imported\51DB185F839E1223CCA6930A5FCFD172\MACD Sample.ex4","EX4","10270","2026-01-10T20:34:43.4653964Z","1F7994C2B992422A6BE5AA1A4D1188F875AD4277"
"MACD Sample","C:\Users\jaque\Documents\TRADING ECOSYSTEM\experts\imported\87C991CF03D18192014A9529AF420FCA\MACD Sample.ex4","EX4","45162","2026-01-01T18:37:49.0105174Z","530E90B8F4ADF24B6C4AAF65785A1E912195909B"
"MACD Sample","C:\Users\jaque\Documents\TRADING ECOSYSTEM\experts\imported\A15C02ED65BD15EADBC800BEC8D7048A\MACD Sample.ex4","EX4","10882","2022-07-26T20:33:08.0049552Z","AE19D6795DC3A4518CB34B796E4D38929A1874BE"
"MACD Sample","C:\Users\jaque\Documents\TRADING ECOSYSTEM\experts\imported\BAEC37CBBA31C26B3C8E7E5183FE4CC4\MACD Sample.ex4","EX4","10686","2026-03-19T12:42:10.6923426Z","2513D58A8EAC80E21353E1DCBA3EE6941462D4F6"
"MACD Sample","C:\Users\jaque\Documents\TRADING ECOSYSTEM\experts\imported\CB30CC6EE750FC2EE907F00741A7FBC5\MACD Sample.ex4","EX4","10718","2025-12-30T13:41:43.4817947Z","AAF5B76BA13C8A4EAE19E9E18D32EFCB2CFA2076"
"MACD Sample","C:\Users\jaque\Documents\TRADING ECOSYSTEM\backups\KOT4X_migration_20260321_173657\Experts\MACD Sample.mq4","MQ4","6236","2026-03-21T21:20:00.3152144Z","79A169159D1CD512A0822BBEFFBA7FC0A9E37DAB"
"MACD Sample","C:\Users\jaque\Documents\TRADING ECOSYSTEM\experts\imported\1B8F1999BB6DD66DB2E8726E16123521\MACD Sample.mq4","MQ4","6236","2025-12-22T16:08:06.0368017Z","D46F6D20783355919B6FB17390F16870651697BA"
"MACD Sample","C:\Users\jaque\Documents\TRADING ECOSYSTEM\experts\imported\A15C02ED65BD15EADBC800BEC8D7048A\MACD Sample.mq4","MQ4","6245","2022-07-26T20:33:01.8517775Z","C2FE34B46534C99A842A4A97D63F44B1408BE132"
"MACD Sample","C:\Users\jaque\Documents\TRADING ECOSYSTEM\experts\imported\BAEC37CBBA31C26B3C8E7E5183FE4CC4\MACD Sample.mq4","MQ4","6236","2026-03-19T12:42:08.4042711Z","79A169159D1CD512A0822BBEFFBA7FC0A9E37DAB"
"Manner","C:\Users\jaque\Documents\TRADING ECOSYSTEM\backups\KOT4X_migration_20260321_173657\Experts\Manner.ex4","EX4","265942","2024-02-01T05:09:37.5462428Z","EABC9D09E650A362E65FF9E0E74F3954AC6D8099"
"Manner","C:\Users\jaque\Documents\TRADING ECOSYSTEM\experts\imported\C58B79822AA557F9E0C8FA97F614A647\Manner.ex4","EX4","265942","2024-02-01T05:09:37.5462428Z","EABC9D09E650A362E65FF9E0E74F3954AC6D8099"
"Manner","C:\Users\jaque\Documents\TRADING ECOSYSTEM\backups\KOT4X_migration_20260321_173657\Experts\Manner.mq4","MQ4","552460","2024-02-01T05:08:15.1273398Z","A9287CBD9E210411BC224454E85E5B7FA87E38AF"
"Manner","C:\Users\jaque\Documents\TRADING ECOSYSTEM\experts\imported\C58B79822AA557F9E0C8FA97F614A647\Manner.mq4","MQ4","552460","2024-02-01T05:08:15.1273398Z","A9287CBD9E210411BC224454E85E5B7FA87E38AF"
"Momentum","C:\Users\jaque\Documents\TRADING ECOSYSTEM\backups\KOT4X_migration_20260321_173657\Indicators\Momentum.ex4","EX4","8354","2026-03-21T21:20:05.5224234Z","91BD6761585AD688CF5497E33E2CD9B74F7B652B"
"Momentum","C:\Users\jaque\Documents\TRADING ECOSYSTEM\backups\KOT4X_migration_20260321_173657\Indicators\Momentum.mq4","MQ4","2860","2026-03-21T21:20:00.6755754Z","5921FBE54F56F473915AC44A1EEC7E9B380DFB97"
"Moving Average","C:\Users\jaque\Documents\TRADING ECOSYSTEM\backups\KOT4X_migration_20260321_173657\Experts\Moving Average.ex4","EX4","14490","2026-03-21T21:20:02.5029486Z","0A7EBFA49D7197203F47CF27C4B7A08A078B36A3"
"Moving Average","C:\Users\jaque\Documents\TRADING ECOSYSTEM\experts\imported\1B8F1999BB6DD66DB2E8726E16123521\Moving Average.ex4","EX4","15104","2025-12-22T16:08:08.6409971Z","D51BCA352D0FF2188F94488EB1FD036F6D57BF41"
"Moving Average","C:\Users\jaque\Documents\TRADING ECOSYSTEM\experts\imported\51DB185F839E1223CCA6930A5FCFD172\Moving Average.ex4","EX4","15648","2026-01-10T20:34:43.6060624Z","9B6D3DB6132537FBC0CAC0D60A45610CBF34050E"
"Moving Average","C:\Users\jaque\Documents\TRADING ECOSYSTEM\experts\imported\87C991CF03D18192014A9529AF420FCA\Moving Average.ex4","EX4","62384","2026-01-01T21:10:32.4326897Z","84D51E70C6DC33BE9E1C66701B7A2BF36C862397"
"Moving Average","C:\Users\jaque\Documents\TRADING ECOSYSTEM\experts\imported\A15C02ED65BD15EADBC800BEC8D7048A\Moving Average.ex4","EX4","15292","2022-07-26T20:33:08.4244799Z","D9FAFBCF51B64CD79AA51661845A6CCDD71E3A88"
"Moving Average","C:\Users\jaque\Documents\TRADING ECOSYSTEM\experts\imported\BAEC37CBBA31C26B3C8E7E5183FE4CC4\Moving Average.ex4","EX4","15460","2026-03-19T12:42:10.8173382Z","CF292A491AAFE927E208130E4588A5EC30E08E96"
"Moving Average","C:\Users\jaque\Documents\TRADING ECOSYSTEM\experts\imported\CB30CC6EE750FC2EE907F00741A7FBC5\Moving Average.ex4","EX4","15034","2025-12-30T13:41:43.6388059Z","9045B4EA84521E41DF2FEA5AD62EBF89111B2977"
"Moving Average","C:\Users\jaque\Documents\TRADING ECOSYSTEM\backups\KOT4X_migration_20260321_173657\Experts\Moving Average.mq4","MQ4","5138","2026-03-21T21:20:00.3152144Z","4BAF2E82D3C856F9313CDB92FE45E41E84BF6F6A"
"Moving Average","C:\Users\jaque\Documents\TRADING ECOSYSTEM\experts\imported\1B8F1999BB6DD66DB2E8726E16123521\Moving Average.mq4","MQ4","5138","2025-12-22T16:08:06.0388041Z","8E84071EF1B561C8B93A2A424E5EC380AEF0923B"
"Moving Average","C:\Users\jaque\Documents\TRADING ECOSYSTEM\experts\imported\A15C02ED65BD15EADBC800BEC8D7048A\Moving Average.mq4","MQ4","5147","2022-07-26T20:33:01.8537761Z","5D1E04E892D0D81640F7152E55CA9CBFF56D86D2"
"Moving Average","C:\Users\jaque\Documents\TRADING ECOSYSTEM\experts\imported\BAEC37CBBA31C26B3C8E7E5183FE4CC4\Moving Average.mq4","MQ4","5138","2026-03-19T12:42:08.4042711Z","4BAF2E82D3C856F9313CDB92FE45E41E84BF6F6A"
"OsMA","C:\Users\jaque\Documents\TRADING ECOSYSTEM\backups\KOT4X_migration_20260321_173657\Indicators\OsMA.ex4","EX4","10616","2026-03-21T21:20:05.6863189Z","7B081F5CCC20E367EE5501947855B58AB917AFD6"
"OsMA","C:\Users\jaque\Documents\TRADING ECOSYSTEM\backups\KOT4X_migration_20260321_173657\Indicators\OsMA.mq4","MQ4","3586","2026-03-21T21:20:00.6775733Z","DBDFE9F62DA7A143E39B57EE31CB869FA9ADB311"
"Parabolic","C:\Users\jaque\Documents\TRADING ECOSYSTEM\backups\KOT4X_migration_20260321_173657\Indicators\Parabolic.ex4","EX4","15382","2026-03-21T21:20:05.8608021Z","2FA589E64D9C427113E7DFC62F1C1132C7A61C63"
"Parabolic","C:\Users\jaque\Documents\TRADING ECOSYSTEM\backups\KOT4X_migration_20260321_173657\Indicators\Parabolic.mq4","MQ4","7400","2026-03-21T21:20:00.6815736Z","F37BE16DA11809A7CD2EBE9C59BC94AAFA764E68"
"pipsometer_decimal","C:\Users\jaque\Documents\TRADING ECOSYSTEM\backups\KOT4X_migration_20260321_173657\Indicators\pipsometer_decimal.ex4","EX4","16358","2023-03-01T08:36:20.7122549Z","3315E362E7BE7059E5D90B1BB931A74D5104C4A6"
"pipsometer_decimal","C:\Users\jaque\Documents\TRADING ECOSYSTEM\backups\KOT4X_migration_20260321_173657\Indicators\pipsometer_decimal.mq4","MQ4","5544","2023-03-01T08:35:45.0985530Z","5935A54C3F4A2A3793C5A50FF318F84049ADFE2B"
"PT Color Alert MACD","C:\Users\jaque\Documents\TRADING ECOSYSTEM\backups\KOT4X_migration_20260321_173657\Indicators\Market\PT Color Alert MACD.ex4","EX4","34284","2023-04-04T00:35:30.3308631Z","7BBB51A1C7542F4343FD2B85CC5B39E9BA2C4910"
"RSI","C:\Users\jaque\Documents\TRADING ECOSYSTEM\backups\KOT4X_migration_20260321_173657\Indicators\RSI.ex4","EX4","11424","2026-03-21T21:20:06.0352406Z","AF39395A1E8FF59AB5258C16D2FE2CCBB87819CF"
"RSI","C:\Users\jaque\Documents\TRADING ECOSYSTEM\backups\KOT4X_migration_20260321_173657\Indicators\RSI.mq4","MQ4","4757","2026-03-21T21:20:00.6825742Z","574439496D113E2E36A7E37EC14CFC3823B62274"
"SAUCE","C:\Users\jaque\Documents\TRADING ECOSYSTEM\backups\KOT4X_migration_20260321_173657\Indicators\SAUCE.ex4","EX4","11748","2025-12-13T17:18:28.1446807Z","63A9F151E21E4E6A4ACE7C1B828C7283D59D952A"
"SAUCE","C:\Users\jaque\Documents\TRADING ECOSYSTEM\backups\KOT4X_migration_20260321_173657\Indicators\SAUCE.mq4","MQ4","3057","2025-12-13T17:18:27.9576698Z","1D0965009BEEFF6AA9654459A086EAC5DD5F8A8C"
"SimplePanel","C:\Users\jaque\Documents\TRADING ECOSYSTEM\backups\KOT4X_migration_20260321_173657\Indicators\Examples\SimplePanel\SimplePanel.ex4","EX4","180568","2026-03-21T21:20:06.7715121Z","06E14F1AB71AE4B153172BF8D20C0A6DB9101741"
"SimplePanel","C:\Users\jaque\Documents\TRADING ECOSYSTEM\backups\KOT4X_migration_20260321_173657\Indicators\Examples\SimplePanel\SimplePanel.mq4","MQ4","2729","2026-03-21T21:20:00.6626912Z","987AB7D18EEAABE254A42AFD14F0552A6DC3181E"
"SORO","C:\Users\jaque\Documents\TRADING ECOSYSTEM\backups\KOT4X_migration_20260321_173657\Experts\SORO.ex4","EX4","26654","2025-12-09T08:25:46.0924387Z","D5049345A10D2D23CD322708ED67DBEBC34BEABD"
"SORO","C:\Users\jaque\Documents\TRADING ECOSYSTEM\experts\imported\C58B79822AA557F9E0C8FA97F614A647\SORO.ex4","EX4","26654","2025-12-09T08:25:46.0924387Z","D5049345A10D2D23CD322708ED67DBEBC34BEABD"
"SORO","C:\Users\jaque\Documents\TRADING ECOSYSTEM\backups\KOT4X_migration_20260321_173657\Experts\SORO.mq4","MQ4","36546","2025-12-09T08:25:45.8484199Z","0B83681266DA7A3D5239578ED541E4D74A649692"
"SORO","C:\Users\jaque\Documents\TRADING ECOSYSTEM\experts\imported\C58B79822AA557F9E0C8FA97F614A647\SORO.mq4","MQ4","36546","2025-12-09T08:25:45.8484199Z","0B83681266DA7A3D5239578ED541E4D74A649692"
"SORO + IMB SCALER","C:\Users\jaque\Documents\TRADING ECOSYSTEM\backups\KOT4X_migration_20260321_173657\Experts\SORO + IMB SCALER.ex4","EX4","65956","2025-12-10T23:31:50.8975371Z","14EEE9B1EF0ADFC4BE725C6D8C70B69C15316B8D"
"SORO + IMB SCALER","C:\Users\jaque\Documents\TRADING ECOSYSTEM\experts\imported\C58B79822AA557F9E0C8FA97F614A647\SORO + IMB SCALER.ex4","EX4","65956","2025-12-10T23:31:50.8975371Z","14EEE9B1EF0ADFC4BE725C6D8C70B69C15316B8D"
"SORO + IMB SCALER","C:\Users\jaque\Documents\TRADING ECOSYSTEM\backups\KOT4X_migration_20260321_173657\Experts\SORO + IMB SCALER.mq4","MQ4","69966","2025-12-10T00:06:29.1602986Z","297A4F322F13D7D05B8AD5D696630E7BB9F05570"
"SORO + IMB SCALER","C:\Users\jaque\Documents\TRADING ECOSYSTEM\experts\imported\C58B79822AA557F9E0C8FA97F614A647\SORO + IMB SCALER.mq4","MQ4","69966","2025-12-10T00:06:29.1602986Z","297A4F322F13D7D05B8AD5D696630E7BB9F05570"
"Stochastic","C:\Users\jaque\Documents\TRADING ECOSYSTEM\backups\KOT4X_migration_20260321_173657\Indicators\Stochastic.ex4","EX4","11550","2026-03-21T21:20:06.2034426Z","996A052400578587EBE35A7781DBFDB7828EF9BA"
"Stochastic","C:\Users\jaque\Documents\TRADING ECOSYSTEM\backups\KOT4X_migration_20260321_173657\Indicators\Stochastic.mq4","MQ4","5153","2026-03-21T21:20:00.6845739Z","2BF942ED7832355337A36A7028B8EFA1B58A0A03"
"Trade Panel Pro by RunwiseFX","C:\Users\jaque\Documents\TRADING ECOSYSTEM\experts\imported\1B8F1999BB6DD66DB2E8726E16123521\Market\Trade Panel Pro by RunwiseFX.ex4","EX4","3345674","2022-03-01T04:07:08.5127428Z","8413E33B1F89E1BB5BB6D37172CDF20D242E338C"
"Volume Profile FR","C:\Users\jaque\Documents\TRADING ECOSYSTEM\backups\KOT4X_migration_20260321_173657\Indicators\Market\Volume Profile FR.ex4","EX4","49626","2023-04-06T18:30:52.1729392Z","44C14CB626422D19BD645CFA108C79DB79EE19F2"
"volume-profile-indicator (1)","C:\Users\jaque\Documents\TRADING ECOSYSTEM\backups\KOT4X_migration_20260321_173657\Indicators\volume-profile-indicator (1).ex4","EX4","61638","2023-04-06T18:39:38.7757571Z","01CDA7732EE393EEA47A52142B7822D0AE724937"
"x2014-pipsv2","C:\Users\jaque\Documents\TRADING ECOSYSTEM\backups\KOT4X_migration_20260321_173657\Indicators\x2014-pipsv2.ex4","EX4","18976","2023-03-01T08:36:22.7844089Z","878AC539CB073EDF66D55D157F760332C3969D1E"
"x2014-pipsv2","C:\Users\jaque\Documents\TRADING ECOSYSTEM\backups\KOT4X_migration_20260321_173657\Indicators\x2014-pipsv2.mq4","MQ4","4680","2023-03-01T08:35:45.1645568Z","6463DA3929A02079AEC2F9ECCC15E44D4036EB15"
"ZigZag","C:\Users\jaque\Documents\TRADING ECOSYSTEM\backups\KOT4X_migration_20260321_173657\Indicators\ZigZag.ex4","EX4","14466","2026-03-21T21:20:06.4378510Z","BBD6C193F3A643D43003B30AA2DABADC1610EE43"
"ZigZag","C:\Users\jaque\Documents\TRADING ECOSYSTEM\backups\KOT4X_migration_20260321_173657\Indicators\ZigZag.mq4","MQ4","8449","2026-03-21T21:20:00.6865754Z","0224A796A7298AA919016E8E84CD172DBF5C87EC"
